Akshay,22,Pune
rf,44,fgg
sgfs,44,hf
qwqw,12,def
qwqw,12,def
qwqw,12,def
qwqw,12,def
qwqw,12,def
qwqw,12,def
qwqw,12,def
qwqw,12,def
qwqw,12,def
qwqw,12,def
qwqw,12,def
qwqw,12,def
qwqw,12,def
qwqw,12,def
qwqw,12,def
qwqw,12,def
qwqw,12,def
qwqw,12,def
qwqw,12,def
qwqw,12,def
qwqw,12,def
qwqw,12,def
qwqw,12,def
qwqw,12,def
qwqw,12,def
qwqw,12,def
qwqw,12,def
qwqw,12,def
qwqw,12,def
qwqw,12,def
qwqw,12,def
qwqw,12,def
qwqw,12,def
qwqw,12,def
qwqw,12,def
qwqw,12,def
qwqw,12,def
qwqw,12,def
qwqw,12,def
qwqw,12,def
qwqw,12,def
qwqw,12,def
qwqw,12,def
qwqw,12,def
qwqw,12,def
qwqw,12,def
qwqw,12,def
qwqw,12,def
qwqw,12,def
qwqw,12,def
qwqw,12,def
qwqw,12,def
qwqw,12,def
qwqw,12,def
qwqw,12,def
qwqw,12,def
qwqw,12,def
qwqw,12,def
qwqw,12,def
qwqw,12,def
qwqw,12,def
qwqw,12,def
qwqw,12,def
qwqw,12,def
qwqw,12,def
qwqw,12,def
qwqw,12,def
qwqw,12,def
qwqw,12,def
qwqw,12,def
qwqw,12,def
qwqw,12,def
qwqw,12,def
qwqw,12,def
qwqw,12,def
qwqw,12,def
qwqw,12,def
qwqw,12,def
qwqw,12,def
qwqw,12,def
qwqw,12,def
qwqw,12,def
qwqw,12,def
qwqw,12,def
qwqw,12,def
qwqw,12,def
qwqw,12,def
qwqw,12,def
qwqw,12,def
qwqw,12,def
qwqw,12,def
qwqw,12,def
qwqw,12,def
qwqw,12,def
qwqw,12,def
qwqw,12,def
qwqw,12,def
qwqw,12,def
qwqw,12,def
qwqw,12,def
qwqw,12,def
qwqw,12,def
qwqw,12,def
qwqw,12,def
qwqw,12,def
qwqw,12,def
qwqw,12,def
qwqw,12,def
qwqw,12,def
qwqw,12,def
qwqw,12,def
qwqw,12,def
qwqw,12,def
qwqw,12,def
qwqw,12,def
qwqw,12,def
qwqw,12,def
qwqw,12,def
qwqw,12,def
qwqw,12,def
qwqw,12,def
qwqw,12,def
qwqw,12,def
qwqw,12,def
qwqw,12,def
qwqw,12,def
qwqw,12,def
qwqw,12,def
qwqw,12,def
qwqw,12,def
qwqw,12,def
qwqw,12,def
qwqw,12,def
qwqw,12,def
qwqw,12,def
qwqw,12,def
qwqw,12,def
qwqw,12,def
qwqw,12,def
qwqw,12,def
qwqw,12,def
qwqw,12,def
qwqw,12,def
qwqw,12,def
qwqw,12,def
qwqw,12,def
qwqw,12,def
qwqw,12,def
qwqw,12,def
qwqw,12,def
qwqw,12,def
qwqw,12,def
qwqw,12,def
qwqw,12,def
qwqw,12,def
qwqw,12,def
qwqw,12,def
qwqw,12,def
qwqw,12,def
qwqw,12,def
qwqw,12,def
qwqw,12,def
qwqw,12,def
qwqw,12,def
qwqw,12,def
qwqw,12,def
qwqw,12,def
qwqw,12,def
qwqw,12,def
qwqw,12,def
qwqw,12,def
qwqw,12,def
qwqw,12,def
qwqw,12,def
qwqw,12,def
qwqw,12,def
qwqw,12,def
qwqw,12,def
qwqw,12,def
qwqw,12,def
qwqw,12,def
qwqw,12,def
qwqw,12,def
qwqw,12,def
qwqw,12,def
qwqw,12,def
qwqw,12,def
qwqw,12,def
qwqw,12,def
qwqw,12,def
qwqw,12,def
qwqw,12,def
qwqw,12,def
qwqw,12,def
qwqw,12,def
qwqw,12,def
qwqw,12,def
qwqw,12,def
qwqw,12,def
qwqw,12,def
qwqw,12,def
qwqw,12,def
qwqw,12,def
qwqw,12,def
qwqw,12,def
qwqw,12,def
qwqw,12,def
qwqw,12,def
qwqw,12,def
qwqw,12,def
qwqw,12,def
qwqw,12,def
qwqw,12,def
qwqw,12,def
qwqw,12,def
qwqw,12,def
qwqw,12,def
qwqw,12,def
qwqw,12,def
qwqw,12,def
qwqw,12,def
qwqw,12,def
qwqw,12,def
qwqw,12,def
qwqw,12,def
qwqw,12,def
qwqw,12,def
qwqw,12,def
qwqw,12,def
qwqw,12,def
qwqw,12,def
qwqw,12,def
qwqw,12,def
qwqw,12,def
qwqw,12,def
qwqw,12,def
qwqw,12,def
qwqw,12,def
qwqw,12,def
qwqw,12,def
qwqw,12,def
qwqw,12,def
qwqw,12,def
qwqw,12,def
qwqw,12,def
qwqw,12,def
qwqw,12,def
qwqw,12,def
qwqw,12,def
qwqw,12,def
qwqw,12,def
qwqw,12,def
qwqw,12,def
qwqw,12,def
qwqw,12,def
qwqw,12,def
qwqw,12,def
qwqw,12,def
qwqw,12,def
qwqw,12,def
qwqw,12,def
qwqw,12,def
qwqw,12,def
qwqw,12,def
qwqw,12,def
qwqw,12,def
qwqw,12,def
qwqw,12,def
qwqw,12,def
qwqw,12,def
qwqw,12,def
qwqw,12,def
qwqw,12,def
qwqw,12,def
qwqw,12,def
qwqw,12,def
qwqw,12,def
qwqw,12,def
qwqw,12,def
qwqw,12,def
qwqw,12,def
qwqw,12,def
qwqw,12,def
qwqw,12,def
qwqw,12,def
qwqw,12,def
qwqw,12,def
qwqw,12,def
qwqw,12,def
qwqw,12,def
qwqw,12,def
qwqw,12,def
qwqw,12,def
qwqw,12,def
qwqw,12,def
qwqw,12,def
qwqw,12,def
qwqw,12,def
qwqw,12,def
qwqw,12,def
qwqw,12,def
qwqw,12,def
qwqw,12,def
qwqw,12,def
qwqw,12,def
qwqw,12,def
qwqw,12,def
qwqw,12,def
qwqw,12,def
qwqw,12,def
qwqw,12,def
qwqw,12,def
qwqw,12,def
qwqw,12,def
qwqw,12,def
qwqw,12,def
qwqw,12,def
qwqw,12,def
qwqw,12,def
qwqw,12,def
qwqw,12,def
qwqw,12,def
qwqw,12,def
qwqw,12,def
qwqw,12,def
qwqw,12,def
qwqw,12,def
qwqw,12,def
qwqw,12,def
qwqw,12,def
qwqw,12,def
qwqw,12,def
qwqw,12,def
qwqw,12,def
qwqw,12,def
qwqw,12,def
qwqw,12,def
qwqw,12,def
qwqw,12,def
qwqw,12,def
qwqw,12,def
qwqw,12,def
qwqw,12,def
qwqw,12,def
qwqw,12,def
qwqw,12,def
qwqw,12,def
qwqw,12,def
qwqw,12,def
qwqw,12,def
qwqw,12,def
qwqw,12,def
qwqw,12,def
qwqw,12,def
qwqw,12,def
qwqw,12,def
qwqw,12,def
qwqw,12,def
qwqw,12,def
qwqw,12,def
qwqw,12,def
qwqw,12,def
qwqw,12,def
qwqw,12,def
qwqw,12,def
qwqw,12,def
qwqw,12,def
qwqw,12,def
qwqw,12,def
qwqw,12,def
qwqw,12,def
qwqw,12,def
qwqw,12,def
qwqw,12,def
qwqw,12,def
qwqw,12,def
qwqw,12,def
qwqw,12,def
qwqw,12,def
qwqw,12,def
qwqw,12,def
qwqw,12,def
qwqw,12,def
qwqw,12,def
qwqw,12,def
qwqw,12,def
qwqw,12,def
qwqw,12,def
qwqw,12,def
qwqw,12,def
qwqw,12,def
qwqw,12,def
qwqw,12,def
qwqw,12,def
qwqw,12,def
qwqw,12,def
qwqw,12,def
qwqw,12,def
qwqw,12,def
qwqw,12,def
qwqw,12,def
qwqw,12,def
qwqw,12,def
qwqw,12,def
qwqw,12,def
qwqw,12,def
qwqw,12,def
qwqw,12,def
qwqw,12,def
qwqw,12,def
qwqw,12,def
qwqw,12,def
qwqw,12,def
qwqw,12,def
qwqw,12,def
qwqw,12,def
qwqw,12,def
qwqw,12,def
qwqw,12,def
qwqw,12,def
qwqw,12,def
qwqw,12,def
qwqw,12,def
qwqw,12,def
qwqw,12,def
qwqw,12,def
qwqw,12,def
qwqw,12,def
qwqw,12,def
qwqw,12,def
qwqw,12,def
qwqw,12,def
qwqw,12,def
qwqw,12,def
qwqw,12,def
qwqw,12,def
qwqw,12,def
qwqw,12,def
qwqw,12,def
qwqw,12,def
qwqw,12,def
qwqw,12,def
qwqw,12,def
qwqw,12,def
qwqw,12,def
qwqw,12,def
qwqw,12,def
qwqw,12,def
qwqw,12,def
qwqw,12,def
qwqw,12,def
qwqw,12,def
qwqw,12,def
qwqw,12,def
qwqw,12,def
qwqw,12,def
qwqw,12,def
qwqw,12,def
qwqw,12,def
qwqw,12,def
qwqw,12,def
qwqw,12,def
qwqw,12,def
qwqw,12,def
qwqw,12,def
qwqw,12,def
qwqw,12,def
qwqw,12,def
qwqw,12,def
qwqw,12,def
qwqw,12,def
qwqw,12,def
qwqw,12,def
qwqw,12,def
qwqw,12,def
qwqw,12,def
qwqw,12,def
qwqw,12,def
qwqw,12,def
qwqw,12,def
qwqw,12,def
qwqw,12,def
qwqw,12,def
qwqw,12,def
qwqw,12,def
qwqw,12,def
qwqw,12,def
qwqw,12,def
qwqw,12,def
qwqw,12,def
qwqw,12,def
qwqw,12,def
qwqw,12,def
qwqw,12,def
qwqw,12,def
qwqw,12,def
qwqw,12,def
qwqw,12,def
qwqw,12,def
qwqw,12,def
qwqw,12,def
qwqw,12,def
qwqw,12,def
qwqw,12,def
qwqw,12,def
qwqw,12,def
qwqw,12,def
qwqw,12,def
